const may1 = [10663,
6457,
4441,
2463,
5697,
3392,
3265,
3904,
4844,
803,
4966,
5581,
18157,
5669,
3380,
7623,
8290,
4245,
4988,
2837,
2354,
19584,
4000,
4589,
2814,
550,
3633,
5686,
12380,
4013,
6469,
3625,
4799,
4591,
4689,
6282,
4640,
2987,
5164,
5434,
7601,
5640,
4220,
3548,
4978,
5499,
4367,
5660,
10262,
5123,
4028,
5683,
5594,
6705,
13894,
20410,
19685,
8649,
19492,
21305,
19986,
7047,
8302,
21017,
10678,
14436,
14259,
14449,
9672,
4590,
15341,
10148,
10729,
10869,
7941,
18381,
7397,
6361,
14420,
7894,
21841,
7096,
8002,
16627,
19822,
18002,
8462,
11688,
8676,
8008,
20261,
5027,
8227,
15472,
20268,
21450,
6695,
14745,
12356,
21894,
16666,
21328,
13704,
8804,
14245,
6003,
11637,
13916,
11079,
9979,
9703,
18224,
5917,
7204,
16793,
10191,
18438,
10778,
21211,
11967,
10298,
12024,
18115,
10615,
7367,
12898,
8031,
14413,
12273,
16223,
19737,
13652,
18962,
5652,
5904,
16392,
14278,
20764,
13150,
15370,
7038,
4766,
5854,
20435,
13000,
7522,
8076,
9402,
20136,
19995,
18528,
19575,
11704,
11729,
12882,
19574,
5899,
5885,
11681,
20097,
14425,
6835,
11517,
5924,
18571,
19007,
21764,
20923,
8142,
4604,
7342,
20828,
5327,
17149,
19294,
21203,
21482,
16106,
16685,
20664,
18337,
21129,
13993,
13176,
8068,
21646,
17080,
7959,
16177,
3774,
20590,
17994,
20127,
17961,
11066,
12884,
21572,
2816,
4756,
20800,
12062,
4946,
6464,
5727,
2980,
5685,
4529,
14047,
14363,
4952,
14448,
21880,
14580,
7604,
5359,
4652,
6690,
12399,
7869,
19855,
19326,
4926,
8089,
6033,
11879,
8119,
4218,
8125,
14408,
9907,
19851,
16040,
6063,
9458,
5887,
5789,
12462,
6785,
6459,
3036,
5349,
14249,
11890,
6174,
13210,
21168,
12753,
7234,
15179,
11129,
21589,
20480,
7244,
9796,
17594,
5901,
21655,
12176,
19321,
4361,
9268,
12158,
19097,
3838,
3858,
10552,
8898,
21907,
761,
9202,
7891,
16665,
7269,
6304,
20502,
7289,
4832,
21146,
6173,
19091,
6440,
8889,
19797,
20092,
21047,
14415,
20725,
9987,
8711,
8667,
13663,
16508,
18268,
18570,
18922,
10007,
6787,
7535,
3482,
15757,
11184,
20182,
12264,
15568,
13207,
11359,
14004,
4219,
18330,
17392,
6699,
7663,
10413,
12862,
15668,
9812,
7577,
7295,
11790,
7639,
15468,
9757,
5753,
8459,
16155,
9747,
17613,
10698,
7209,
13714,
21302,
15789,
11187,
10133,
4617,
7534,
6195,
14152,
12649,
10982,
7960,
17322,
14523,
15586,
13868,
10640,
5909,
7968,
4954,
21738,
11605,
12976,
16937,
19599,
8838,
15234,
3708,
4036,
18343,
12069,
3004,
13476,
16688,
10656,
9152,
7211,
21414,
11555,
8671,
8707,
21087,
14146,
9827,
4643,
3872,
14801,
8150,
7879,
6471,
5225,
17079,
8470,
8329,
14906,
7958,
14137,
21885,
13829,
17312,
17105,
16648,
11921,
11334,
5544,
21097,
13455,
9175,
13887,
12191,
19881,
7463,
10628,
6722,
7545,
20910,
12266,
18538,
13934,
13876,
3647,
5915,
11031,
6257,
20449,
21019,
8891,
14239,
8269,
18400,
5872,
4241,
2563,
18435,
14812,
19591,
3961,
4908,
4942,
7947,
12481,
16758,
4660,
5204,
7133,
17183,
5487,
7060,
6821,
20672,
9500,
13898,
15479,
9774,
14608,
8664,
17949,
18824,
17287,
9745,
20344,
14334,
6283,
10428,
6891,
12848,
4432,
14946,
10697,
11524,
3463,
10897,
6434,
7187,
20228,
19102,
11174,
16770,
16250,
20698,
20305,
8474,
20413,
17596,
21084,
15377,
6441,
5667,
18383,
10661,
10626,
18270,
18802,
14092,
18168,
4916,
6199,
8614,
20836,
5833,
5036,
8283,
7275,
10342,
7662,
9327,
7395,
9595,
6319,
20216,
9192,
6764,
7035,
19427,
21697,
20689,
20720,
13839,
9197,
6167,
21518,
9126,
7893,
16940,
18587,
21242,
15289,
21746,
21682,
13414,
19577,
7554,
6241,
19994,
20621,
12269,
12131,
15342,
17781,
17508,
11596,
19058,
10677,
12097,
15450,
4538,
19330,
10234,
16892,
2905,
5461,
11896,
16797,
4933,
7924,
5644,
10019,
4175,
4706,
8491,
14787,
16990,
21151,
17897,
10316,
20902,
18928,
5749,
3236,
15646,
2615,
3257,
16848,
21809,
17672,
5871,
17696,
8136,
21310,
17733,
11450,
12413,
18625,
12478,
13161,
12373,
4902,
3856,
8450,
20165,
12735,
7998,
12948,
19444,
14002,
17496,
7080,
18394,
15150,
12632,
15203,
18914,
7898,
15210,
14521,
10666,
916,
6175,
18999,
19340,
16957,
10817,
13937,
15232,
14223,
16626,
13827,
17926,
18793,
20334,
12251,
10921,
9691,
9475,
17950,
20983,
8834,
20500,
17414,
15233,
11338,
20520,
12483,
18395,
12810,
13056,
15561,
12237,
19658,
19164,
20193,
11945,
19879,
8005,
17638,
15318,
16339,
11289,
14900,
17617,
8438,
6171,
8760,
16857,
7265,
3767,
21711,
9654,
2953,
17361,
15130,
18360,
15498,
8025,
17284,
21366,
19394,
11673,
20178,
19272,
20717,
18732,
17504,
14158,
11068,
4827,
18342,
14041,
20636,
11546,
12492,
18061,
20441,
21526,
20653,
18623,
12795,
12029,
12031,
10463,
12572,
13289,
8612,
19535,
14252,
13439,
7389,
16340,
9965,
12458,
9545,
9839,
6686,
14347,
6707,
18452,
20534,
20711,
11727,
21758,
18864,
16350,
21765,
17798,
9297,
10388,
11572,
19034,
2826,
4153,
12485,
18184,
16858,
20951,
21033,
10644,
3263,
19401,
18321,
21940,
8419,
12849,
11396,
19842,
20757,
18502,
12035,
20839,
21403,
13261,
4336,
2484,
15376,
15536,
12986,
14147,
2908,
10809,
20599,
6186,
20739,
11777,
13869,
21452,
20485,
16994,
10170,
16922,
21807,
16502,
19484,
14579,
8163,
16655,
7940,
13180,
16029,
19262,
10624,
840,
21075,
21491,
4319,
8883,
5480,
21144,
19079,
6100,
13995,
5159,
3409,
19816,
14053,
13570,
6803,
7109,
19396,
17265,
18274,
17078,
13300,
14348,
16383,
17694,
21911,
13800,
10983,
17215,
20824,
10972,
20100,
19912,
7517,
17628,
14525,
6263,
11419,
8381,
18283,
21745,
14896,
11138,
9685,
17693,
12651,
8750,
21654,
13313,
17065,
16945,
17459,
15185,
19727,
3763,
16200,
4971,
21448,
21941,
16471,
7957,
6697,
11415,
21899,
21076,
18228,
16286,
14936,
10638,
17863,
16842,
11445,
4848,
6439,
18006,
9274,
17900,
7036,
16834,
14909,
5185,
12290,
13134,
12914,
8090,
11689,
21628,
18447,
14509,
4611,
13260,
16037,
21953,
20089,
10687,
21220,
18515,
4454,
12072,
12013,
15996,
16193,
7835,
19456,
4420,
14136,
21755,
20168,
12963,
16407,
15074,
6051,
13909,
9513,
4518,
17845,
7179,
18648,
7892,
13931,
13205,
8264,
13988,
21102,
18636,
20922,
9759,
18765,
21424,
6802,
9924,
10500,
17387,
13973,
13708,
11161,
19185,
12081,
17943,
13958,
20538,
11123,
2961,
13420,
19277,
11404,
19644,
17440,
17391,
8368,
12686,
14861,
9886,
17014,
19518,
13605,
2748,
18929,
18058,
15556,
20167,
19474,
11341,
13689,
16795,
13475,
12802,
16955,
19106,
13518,
13629,
7955,
14814,
11480,
10128,
21739,
9808,
15308,
10518,
18991,
19529,
9741,
11858,
21463,
14225,
10398,
20765,
20223,
7243,
20683,
16803,
21760,
18621,
11335,
21071,
21854,
8391,
12564,
19858,
6759,
15127,
13997,
8040,
21631,
12721,
14304,
11375,
14804,
11298,
9544,
6137,
7449,
8370,
10906,
12190,
12503,
18524,
14300,
7907,
18842,
7974,
18693,
12430,
16207,
13058,
19353,
12240,
20567,
21681,
19189,
11288,
13335,
18236,
14750,
19051,
9758,
15296,
20181,
13287,
10620,
18453,
11590,
10725,
12692,
14925,
17488,
10063,
12526,
14893,
6436,
17691,
18152,
11769,
11275,
8987,
12075,
18839,
19186,
19534,
20159,
19683,
14000,
21787,
19583,
14567,
21912,
17564,
15158,
21918,
19826,
9111,
16576,
20613,
17152,
15820,
12294,
17187,
17438,
20418,
11564,
14190,
5189,
20722,
14942,
19295,
12172,
20959,
19753,
10379,
20819,
12642,
13955,
19457,
15204,
16092,
9749,
13552,
20104,
14961,
11898,
10027,
17948,
17730,
10330,
15312,
6749,
13960,
20761,
10964,
17936,
16799,
20688,
17486,
11499,
14174,
21799,
21515,
10268,
13369,
20007,
16194,
7126,
17941,
15362,
10733,
19695,
8879,
19569,
8389,
8631,
14311,
14681,
19285,
18306,
19503,
11538,
12480,
11351,
17169,
13541,
18333,
5219,
12475,
5858,
21648,
19509,
12170,
11004,
12226,
14736,
20734,
9733,
17505,
8608,
15919,
15487,
21090,
9949,
21147,
14100,
18622,
12695,
21497,
20892,
20101,
19722,
8573,
12897,
10337,
16080,
16615,
19254,
19329,
7843,
12218,
8902,
9275,
17796,
19351,
17864,
8408,
20760,
10023,
16157,
17987,
16878,
14299,
18131,
17737,
17800,
17378,
18463,
15268,
21680,
9732,
12924,
16403,
18064,
19857,
12445,
10079,
13766,
21092,
12508,
7658,
17173,
20578,
8453,
13059,
19802,
17656,
18246,
17228,
13249,
18657,
19508,
14657,
14289,
18730,
16141,
11754,
8522,
15122,
13696,
12533,
13775,
18357,
16903,
15759,
11103,
13495,
8787,
19985,
10704,
12460,
16125,
19580,
21677,
13834,
17270,
15531,
16283,
13794,
16153,
15194,
6746,
18835,
19174,
6584,
11080,
20253,
14832,
10343,
10616,
16860,
16768,
12549,
17485,
12162,
15275,
18997,
17893,
12507,
13881,
19590,
14187,
6740,
20265,
15456,
16081,
16893,
14756,
18820,
21695,
21321,
18207,
10636,
15581,
18832,
15329,
12167,
15369,
20973,
18332,
15317,
18556,
14309,
7944,
12574,
15916,
16078,
17972,
6266,
14330,
9309,
17982,
17801,
16055,
18353,
10940,
14044,
16815,
21560,
18147,
10358,
14244,
10901,
16084,
8510,
21632,
14274,
7246,
20313,
9151,
13705,
2850,
21171,
18070,
18441,
12499,
17138,
15725,
19138,
16714,
18422,
15243,
15471,
17124,
13625,
13596,
15375,
9916,
16805,
17535,
9273,
7496,
13212,
15914,
21811,
18253,
11221,
21370,
14101,
14287,
6406,
17345,
11926,
6698,
13943,
15735,
18182,
12496,
13317,
21783,
10317,
20114,
14169,
18592,
12021,
19520,
14031,
20496,
16896,
14918,
19325,
18356,
9397,
11680,
15249,
16991,
16872,
21405,
16696,
18231,
14377,
2793,
17755,
16085,
6894,
13830,
17563,
18711,
20854,
19195,
8006,
19656,
21498,
17932,
6799,
10649,
16396,
10123,
10182,
17591,
12364,
9619,
19677,
16914,
17663,
19814,
18177,
14230,
10303,
10618,
13867,
19755,
17666,
7682,
18372,
16020,
14333,
21617,
16794,
12155,
14510,
17326,
18874,
14702,
18762,
14829,
16375,
10038,
10131,
19539,
21043,
20390,
16321,
7627,
14471,
10139,
9032,
21293,
12306,
17005,
20841,
17200,
17201,
12627,
17562,
6314,
13463,
19890,
20859,
16338,
17644,
18594,
19319,
8009,
19825,
14166,
14907,
17085,
9200,
20629,
15230,
14618,
10753,
12812,
20364,
14802,
12806,
18906,
6725,
20027,
13040,
13641,
16187,
19969,
19473,
15466,
18428,
20631,
12940,
15351,
10772,
21485,
21063,
12727,
13474,
22001,
13760,
7034,
16528,
19597,
17151,
19662,
13746,
12482,
11459,
15148,
18714,
12833,
11726,
13291,
19327,
14919,
16781,
16254,
17139,
16453,
19712,
14797,
19038,
9889,
14023,
15625,
6470,
19157,
6331,
12874,
16166,
7481,
13970,
12798,
12271,
16829,
21430,
10509,
10566,
16149,
16674,
15132,
19991,
16097,
16632,
20256,
20539,
18384,
21061,
20727,
11767,
19883,
20882,
6360,
21382,
18691,
15075,
10941,
12536,
12899,
14839,
12718,
16669,
14066,
12796,
9572,
19270,
18370,
9074,
21059,
13675,
6198,
11481,
10360,
11278,
21833,
12452,
20805,
13884,
18899,
18017,
18069,
13899,
9289,
14164,
7866,
16779,
14404,
13326,
12858,
13906,
14459,
16406,
12614,
12367,
19729,
11442,
14267,
21670,
8051,
15065,
12792,
17002,
18120,
12052,
17344,
15793,
18129,
12456,
13606,
17650,
10792,
18021,
7456,
11328,
17129,
14150,
18887,
11059,
13603,
7923,
17555,
10978,
17003,
20053,
10344,
11291,
6072,
19983,
18694,
18761,
16042,
18347,
8096,
17358,
18009,
15177,
10818,
20615,
16932,
21593,
8665,
17519,
7994,
19513,
14308,
4814,
14320,
13828,
15932,
11348,
11576,
21635,
21577,
16306,
20690,
13613,
18631,
17363,
18459,
13886,
16523,
8865,
8694,
10696,
11416,
14491,
17418,
11196,
18312,
18532,
19651,
16783,
16796,
13493,
18684,
15893,
18981,
19245,
17689,
14145,
21273,
12800,
21217,
11088,
13857,
18912,
18114,
9637,
7814,
19511,
8449,
14323,
12323,
20559,
19818,
8387,
16246,
18130,
8616,
143,
7124,
17384,
18516,
11692,
15765,
10699,
9141,
16870,
13259,
8698,
18457,
14005,
13498,
19708,
16094,
18242,
12369,
20858,
14027,
9081,
18178,
18619,
7294,
11872,
13954,
13063,
9909,
10998,
18426,
16652,
17770,
10598,
17627,
21039,
19920,
16507,
18546,
19211,
14876,
19585,
6138,
7446,
19086,
15099,
18001,
20604,
10085,
15485,
9026,
14888,
16480,
14848,
13201,
16628,
13772,
9329,
16587,
10979,
20275,
16662,
17980,
14955,
17128,
7659,
21225,
18785,
21050,
11038,
15423,
9347,
10194,
21222,
18856,
14497,
16650,
11903,
21245,
9883,
16691,
14696,
6702,
11034,
21750,
17967,
5805,
14418,
12200,
22076,
11346,
18267,
6103,
12494,
11427,
17032,
9815,
21522,
11282,
18920,
19873,
17752,
14460,
20982,
15519,
8328,
15133,
12605,
9771,
17509,
11685,
17605,
11292,
17071,
13341,
20511,
15448,
15729,
12972,
16790,
11722,
18901,
20257,
15574,
4474,
10645,
20369,
13558,
9616,
9954,
10633,
18783,
8472,
14776,
12787,
10962,
9599,
17413,
11116,
20087,
17974,
20978,
22008,
20207,
22020,
7460,
12411,
11112,
16505,
13509,
10765,
18763,
9145,
21488,
7916,
14379,
13846,
17167,
13667,
11127,
12258,
16004,
20201,
8925,
7061,
12872,
22021,
12955,
11579
]

export default may1
